{
  "linear_regression": {
    "rmse": 1.1504295272861291,
    "mae": 0.8483076808082365,
    "r2": 0.9691027800593951
  },
  "ridge": {
    "rmse": 1.1504026491747261,
    "mae": 0.8485319017676635,
    "r2": 0.969104223779673
  },
  "lasso": {
    "rmse": 1.1503701231931145,
    "mae": 0.8485556213960638,
    "r2": 0.969105970822317
  },
  "decision_tree": {
    "rmse": 0.8399363588924962,
    "mae": 0.6072476273676457,
    "r2": 0.9835300558270555
  },
  "random_forest": {
    "rmse": 0.6613429825641225,
    "mae": 0.4759810635980182,
    "r2": 0.9897893623637473
  },
  "extra_trees": {
    "rmse": 0.6425430891228172,
    "mae": 0.45781685459849514,
    "r2": 0.9903616236917542
  },
  "gradient_boosting": {
    "rmse": 0.6474564729332961,
    "mae": 0.4658529729977636,
    "r2": 0.9902136550736469
  },
  "xgboost": {
    "rmse": 0.6620396906484144,
    "mae": 0.4804333775860224,
    "r2": 0.9897678377355392
  },
  "catboost": {
    "rmse": 0.6449185333811774,
    "mae": 0.4542312504522264,
    "r2": 0.9902902269322992
  },
  "lightgbm": {
    "rmse": 0.6538461972501584,
    "mae": 0.48244514726812504,
    "r2": 0.9900195397561931
  }
}